date,value,temperature,day_of_week,month,is_weekend
2020-01-01,102.48357076505616,20.250449005295813,0,1,0
2020-01-02,107.554427662886,19.399212549023403,1,1,0
2020-01-03,113.84248869598667,20.76056591526869,2,1,0
2020-01-04,113.23588251769311,21.8603615611139,3,1,0
2020-01-05,96.19911524761619,21.129051267868498,4,1,0
2020-01-06,91.21517235714458,21.369774946327755,5,1,1
2020-01-07,102.63879384789873,20.141487310034172,6,1,1
2020-01-08,106.82351679928647,20.476090642633363,0,1,0
2020-01-09,108.88187366170885,19.252570517249623,1,1,0
2020-01-10,116.29678581226956,25.812214199814218,2,1,0
2020-01-11,106.27931847628142,20.07992942337043,3,1,0
2020-01-12,98.01193338586964,21.43568086858515,4,1,0
2020-01-13,96.56068854375881,21.637677178404033,5,1,1
2020-01-14,88.13496396721374,25.11643111723611,6,1,1
2020-01-15,97.31330204106615,22.98778927132709,0,1,0
2020-01-16,111.36156797638908,26.32322034219806,1,1,0
2020-01-17,111.45510366071146,22.729669828579297,2,1,0
2020-01-18,113.09373507518134,24.88234793509037,3,1,0
2020-01-19,98.71667793593708,22.900094390117935,4,1,0
2020-01-20,91.19500933344258,29.10616306832584,5,1,1
2020-01-21,107.92400711657943,22.684319198983736,6,1,1
2020-01-22,107.69147147267374,25.921311489565372,0,1,0
2020-01-23,117.38049190238866,26.80980901357494,1,1,0
2020-01-24,112.25207060085498,26.60879858671788,2,1,0
2020-01-25,111.64317153421361,25.647859463957097,3,1,0
2020-01-26,106.63936407635867,25.994246820464078,4,1,0
2020-01-27,95.31421476185658,26.575113975967902,5,1,1
2020-01-28,105.27095061900906,26.425170087861392,6,1,1
2020-01-29,108.59724440125538,28.876627072102195,0,1,0
2020-01-30,118.34720471600393,31.59755330700322,1,1,0
2020-01-31,119.1121939651084,26.287038555142892,2,1,0
2020-02-01,126.35284497905934,24.885740609904527,3,2,0
2020-02-02,108.72445329440265,27.66985045353448,4,2,0
2020-02-03,98.4680073461962,33.224579326417846,5,2,1
2020-02-04,110.17213300443214,26.674171005249352,6,2,1
2020-02-05,108.14211966114841,31.77366260710992,0,2,0
2020-02-06,123.47423344095691,32.06222554528935,1,2,0
2020-02-07,114.92435655488633,27.808465865358755,2,2,0
2020-02-08,113.02964490101799,30.259788656773676,3,2,0
2020-02-09,112.33191718566114,32.5820966002553,4,2,0
2020-02-10,109.98053347575024,28.767769220326183,5,2,1
2020-02-11,109.42327904033677,29.31676642643096,6,2,1
2020-02-12,116.14994718662092,28.755590296587293,0,2,0
2020-02-13,123.38050751477196,28.08152846343351,1,2,0
2020-02-14,119.75991354752642,29.001584615045317,2,2,0
2020-02-15,118.47432996685178,28.03830897495883,3,2,0
2020-02-16,111.42001423553683,30.73730321612568,4,2,0
2020-02-17,113.92149979588257,29.3089794195388,5,2,1
2020-02-18,112.60378621924868,31.493076935575612,6,2,1
2020-02-19,110.20330046295885,28.08703042557894,0,2,0
2020-02-20,128.7673090064219,32.03058487688912,1,2,0
2020-02-21,127.45802952543212,33.20252081210162,2,2,0
2020-02-22,120.8894252941936,27.711216551107857,3,2,0
2020-02-23,118.95116228316968,32.60656409336837,4,2,0
2020-02-24,115.92907823783368,34.47004294962094,5,2,1
2020-02-25,117.64844657577467,29.74812159379602,6,2,1
2020-02-26,116.89647353914376,35.661646540868745,0,2,0
2020-02-27,127.64215491636229,33.29999327091396,1,2,0
2020-02-28,133.047922141385,31.193697332600888,2,2,0
2020-02-29,131.1263399225054,32.630219036906794,3,2,0
2020-03-01,115.4374920272207,33.992676674421816,4,3,0
2020-03-02,111.75197001796808,33.15848906704294,5,3,1
2020-03-03,109.3317659756398,34.21059687777219,6,3,1
2020-03-04,116.94775247571063,31.414458024271237,0,3,0
2020-03-05,135.05152931715946,33.71332457002547,1,3,0
2020-03-06,139.93758741599976,30.66201387948542,2,3,0
2020-03-07,127.61709538119321,33.37783895876958,3,3,0
2020-03-08,124.5429700828775,31.899299461770344,4,3,0
2020-03-09,116.1434701669809,32.33882236697411,5,3,1
2020-03-10,113.25563298970569,36.38074954369018,6,3,1
2020-03-11,126.31601434864942,36.18574860795736,0,3,0
2020-03-12,140.22149871051673,35.311826031110286,1,3,0
2020-03-13,134.4815540346729,31.995175174351825,2,3,0
2020-03-14,137.26627012533555,33.62903868754915,3,3,0
2020-03-15,107.85383380679185,36.76588555761952,4,3,0
2020-03-16,119.83315458843887,34.696715210642274,5,3,1
2020-03-17,118.2656793457247,39.12126656717844,6,3,1
2020-03-18,124.32384553564043,35.334283633298156,0,3,0
2020-03-19,134.2603846099779,34.99248177170495,1,3,0
2020-03-20,125.95332025846372,34.04656333881996,2,3,0
2020-03-21,129.53519740313538,34.983951256140244,3,3,0
2020-03-22,123.8884720477734,34.459647994724406,4,3,0
2020-03-23,124.22313937481545,36.22415416274231,5,3,1
2020-03-24,116.30864150609526,36.76030867809524,6,3,1
2020-03-25,122.80534063986816,33.309498920860634,0,3,0
2020-03-26,132.28096793499765,32.249182063418075,1,3,0
2020-03-27,141.41547425042137,31.264994756444295,2,3,0
2020-03-28,133.183630066609,35.97472546998526,3,3,0
2020-03-29,120.31934926061662,32.76892038465938,4,3,0
2020-03-30,120.22408754208885,30.682351655114662,5,3,1
2020-03-31,120.16823060858859,35.77333406445052,6,3,1
2020-04-01,132.43259401405237,39.985782294626354,0,4,0
2020-04-02,131.97971155528768,34.9868091638633,1,4,0
2020-04-03,135.85900581955383,36.67066183212172,2,4,0
2020-04-04,130.19679345867485,35.147631425368,3,4,0
2020-04-05,116.22663210563506,34.77205182835169,4,4,0
2020-04-06,119.67300748678822,36.78941271329643,5,4,1
2020-04-07,121.4813886542458,34.34771495322864,6,4,1
2020-04-08,128.06684627797867,35.43563545053221,0,4,0
2020-04-09,134.72763082732405,35.51242381407291,1,4,0
2020-04-10,130.7897831096193,33.49662468902273,2,4,0
2020-04-11,130.38222214951844,36.77627842419697,3,4,0
2020-04-12,122.11761874166781,34.397285092441436,4,4,0
2020-04-13,114.42696201072162,33.18636123245231,5,4,1
2020-04-14,119.57468375115539,35.71716885344479,6,4,1
2020-04-15,130.2257031546361,32.78917737824788,0,4,0
2020-04-16,145.45495991688622,34.58012356648833,1,4,0
2020-04-17,138.82242006822833,34.43887335376255,2,4,0
2020-04-18,133.81567340068437,36.55797448217485,3,4,0
2020-04-19,123.46117312205953,35.26039471662749,4,4,0
2020-04-20,108.806614457091,34.18152437910892,5,4,1
2020-04-21,120.1707598795073,35.78347958774937,6,4,1
2020-04-22,128.38910741699098,36.84054417500028,0,4,0
2020-04-23,148.1832465490453,35.08377115888664,1,4,0
2020-04-24,136.79144905387395,33.892743854614395,2,4,0
2020-04-25,133.80032917361993,31.148149259566225,3,4,0
2020-04-26,123.38570540773549,31.537302203839204,4,4,0
2020-04-27,112.24438632501251,32.94874348512668,5,4,1
2020-04-28,125.66645902588273,32.2278194700398,6,4,1
2020-04-29,131.4586235678928,32.95657311146848,0,4,0
2020-04-30,139.395471972068,33.32354269624643,1,4,0
2020-05-01,132.74216610320983,34.14544636078788,2,5,0
2020-05-02,138.8052968764933,32.81700892563784,3,5,0
2020-05-03,116.01194625731587,33.7991209164978,4,5,0
2020-05-04,120.44753573537311,32.81938215099625,5,5,1
2020-05-05,130.29397604711107,28.60006057780964,6,5,1
2020-05-06,122.09986241701962,30.529169271056233,0,5,0
2020-05-07,131.92700594660937,31.972839615930553,1,5,0
2020-05-08,137.0705138024444,29.691171678853024,2,5,0
2020-05-09,128.52245678117592,33.15638135180032,3,5,0
2020-05-10,114.48214541575962,34.86045015598643,4,5,0
2020-05-11,117.03648268458174,34.07540529549937,5,5,1
2020-05-12,113.17716872729821,31.04648511465142,6,5,1
2020-05-13,128.53449258865723,34.28691723959361,0,5,0
2020-05-14,129.2427917785703,31.431548520708954,1,5,0
2020-05-15,143.37122390429164,30.285495511541296,2,5,0
2020-05-16,126.14119412997503,29.555072832244466,3,5,0
2020-05-17,119.61157462975702,29.995958960687982,4,5,0
2020-05-18,119.71694033331273,29.640427894550687,5,5,1
2020-05-19,111.25980073676061,30.57041468110792,6,5,1
2020-05-20,126.19950446134366,30.36050380521858,0,5,0
2020-05-21,139.24203995324544,29.8522506832759,1,5,0
2020-05-22,126.42179602599268,30.523924145560077,2,5,0
2020-05-23,129.7900540081116,31.832373914338213,3,5,0
2020-05-24,121.30300918226293,31.14842646731722,4,5,0
2020-05-25,118.31300375443776,26.075022069142264,5,5,1
2020-05-26,109.9572673772515,23.729799038680532,6,5,1
2020-05-27,117.161732996191,30.496489233158208,0,5,0
2020-05-28,133.99231486040134,25.681746996594672,1,5,0
2020-05-29,134.5954504641217,27.75113828924354,2,5,0
2020-05-30,128.746269774316,25.643181030592874,3,5,0
2020-05-31,120.33894205153152,24.15982177863779,4,5,0
2020-06-01,109.58364269173029,28.624786253099142,5,6,1
2020-06-02,115.86053043152219,28.836017502239972,6,6,1
2020-06-03,123.76458324946675,25.938367337840724,0,6,0
2020-06-04,126.3246247889776,21.68088605682395,1,6,0
2020-06-05,140.93235708552402,25.540033383001116,2,6,0
2020-06-06,128.3357288638701,27.183719258653962,3,6,0
2020-06-07,111.10336825658517,23.20798318275727,4,6,0
2020-06-08,114.70077557237897,26.29639667103204,5,6,1
2020-06-09,108.24178741010014,25.661172957522176,6,6,1
2020-06-10,124.63291181549286,26.610807186445772,0,6,0
2020-06-11,134.07060852622175,25.450203054592468,1,6,0
2020-06-12,125.8649543046089,23.022180535262187,2,6,0
2020-06-13,129.13261550618813,27.117267314263263,3,6,0
2020-06-14,117.45791148068969,24.161473114401865,4,6,0
2020-06-15,113.84804565739724,24.177005861208926,5,6,1
2020-06-16,120.90518420597166,22.116909498914445,6,6,1
2020-06-17,117.76353198805842,22.847532625923478,0,6,0
2020-06-18,122.78957171576808,21.71403843208225,1,6,0
2020-06-19,123.78973534301551,22.88626760585411,2,6,0
2020-06-20,118.49462972803855,26.403136103487252,3,6,0
2020-06-21,113.25613755336461,19.982594528007915,4,6,0
2020-06-22,109.68152826088853,19.245144904104485,5,6,1
2020-06-23,111.03377525255625,25.159747657045173,6,6,1
2020-06-24,121.34726600918741,21.543242783547655,0,6,0
2020-06-25,124.83661365835741,20.36764724146941,1,6,0
2020-06-26,133.71150546349406,23.5289999030102,2,6,0
2020-06-27,119.45080397741977,19.98092841938059,3,6,0
2020-06-28,125.43748361851705,24.586795117408748,4,6,0
2020-06-29,109.2943883978407,22.032967009288118,5,6,1
2020-06-30,103.55081661909327,19.44343165731175,6,6,1
2020-07-01,110.03987976171196,24.475886042983834,0,7,0
2020-07-02,125.36437854937783,18.691807191021745,1,7,0
2020-07-03,123.50506441842447,21.12942383534014,2,7,0
2020-07-04,122.52147663460677,19.985919287663542,3,7,0
2020-07-05,112.37976678464968,21.73309903886589,4,7,0
2020-07-06,103.97911506183158,21.995178747232327,5,7,1
2020-07-07,101.78082302199557,18.679038292700664,6,7,1
2020-07-08,105.9999844502147,16.8514777295739,0,7,0
2020-07-09,118.90172250989018,19.022027033297988,1,7,0
2020-07-10,127.08976624321438,16.49098290931862,2,7,0
2020-07-11,118.21115967363822,21.61815632612834,3,7,0
2020-07-12,101.97863302093174,17.610133424359947,4,7,0
2020-07-13,103.40815123158873,16.352888596660854,5,7,1
2020-07-14,106.1463099231208,17.20022427799713,6,7,1
2020-07-15,107.36651319106095,13.88488085261781,0,7,0
2020-07-16,120.12185296865616,14.385187409519805,1,7,0
2020-07-17,121.325796211715,18.479611838221505,2,7,0
2020-07-18,109.66156741763318,14.516524351075507,3,7,0
2020-07-19,108.24143411411261,13.489253707834102,4,7,0
2020-07-20,103.60147412013204,16.41045098140202,5,7,1
2020-07-21,107.90110765942978,17.464003402494566,6,7,1
2020-07-22,115.33244842661874,16.287403511384312,0,7,0
2020-07-23,110.75471020519473,16.600018175285285,1,7,0
2020-07-24,114.64832766625506,12.854354142546777,2,7,0
2020-07-25,116.26784114945978,11.286011118100925,3,7,0
2020-07-26,107.35188964545831,16.8957250235972,4,7,0
2020-07-27,101.71813597491246,13.012930452575569,5,7,1
2020-07-28,120.11040082889348,12.923733121902117,6,7,1
2020-07-29,111.29498632908589,15.850841993227952,0,7,0
2020-07-30,121.71483753737394,14.077982153686841,1,7,0
2020-07-31,122.51891867414444,13.650447719578576,2,7,0
2020-08-01,115.37922559727018,16.84397564947419,3,8,0
2020-08-02,101.6550031984692,11.00444851960006,4,8,0
2020-08-03,101.40555008825847,13.926960330823535,5,8,1
2020-08-04,95.47046681938852,11.967447654542692,6,8,1
2020-08-05,105.7649535637658,12.175157996234676,0,8,0
2020-08-06,112.13998184129872,14.481936783284485,1,8,0
2020-08-07,116.70995604011743,12.230235415468986,2,8,0
2020-08-08,122.26972424736122,12.083319785304532,3,8,0
2020-08-09,92.49226680877798,12.946567280123352,4,8,0
2020-08-10,99.66291742449155,9.869194093289277,5,8,1
2020-08-11,89.91617601558468,8.721009042256734,6,8,1
2020-08-12,103.25937342051081,8.112979777053983,0,8,0
2020-08-13,118.70692872399056,6.075953983333342,1,8,0
2020-08-14,115.34331042496038,13.93010701508711,2,8,0
2020-08-15,104.05553248042709,7.423314725415527,3,8,0
2020-08-16,97.02694245172671,9.002331640643265,4,8,0
2020-08-17,98.43205201168063,8.709443160982197,5,8,1
2020-08-18,93.15847471238072,9.699291259721846,6,8,1
2020-08-19,105.56050272186293,10.540590471139732,0,8,0
2020-08-20,112.37834683778831,10.457983175735256,1,8,0
2020-08-21,110.68185709327061,7.402134367024893,2,8,0
2020-08-22,119.1120548793509,8.068681688868137,3,8,0
2020-08-23,102.75174777541329,8.806152650732798,4,8,0
2020-08-24,83.9181305859154,7.585157810133918,5,8,1
2020-08-25,96.78391406704986,11.142305095414809,6,8,1
2020-08-26,100.2426228885827,8.758210140785316,0,8,0
2020-08-27,115.51845754063687,9.098279304999213,1,8,0
2020-08-28,109.11595352633502,8.810210684490519,2,8,0
2020-08-29,106.99067340609123,9.691023829531582,3,8,0
2020-08-30,101.31285080686958,7.569492290865522,4,8,0
2020-08-31,97.61252959520385,4.480943858045526,5,8,1
2020-09-01,89.12461660459435,7.744967069476773,6,9,1
2020-09-02,101.18843868319645,5.51772380000134,0,9,0
2020-09-03,108.22626458853327,5.641950690255591,1,9,0
2020-09-04,109.19228863643487,7.7545944828634426,2,9,0
2020-09-05,115.80803781668806,8.945085621414517,3,9,0
2020-09-06,100.26561284474049,6.401719848000236,4,9,0
2020-09-07,86.46883729672308,6.87153647478274,5,9,1
2020-09-08,99.24194921109932,9.55706179479992,6,9,1
2020-09-09,113.03561694119392,6.536997379453093,0,9,0
2020-09-10,115.36486061192888,11.165842768335878,1,9,0
2020-09-11,104.501570876948,7.004635279771163,2,9,0
2020-09-12,104.23730434455213,2.2674101430300966,3,9,0
2020-09-13,104.29145844870249,7.215143858956298,4,9,0
2020-09-14,88.98985521551286,6.394531438350552,5,9,1
2020-09-15,96.66567443140244,8.13972588742326,6,9,1
2020-09-16,106.1311701165629,6.838861755573948,0,9,0
2020-09-17,105.44049405418238,5.152158761776201,1,9,0
2020-09-18,111.71306469673758,2.921357706269513,2,9,0
2020-09-19,90.4042661684719,4.897120379313971,3,9,0
2020-09-20,92.82713697337132,3.5636841788775437,4,9,0
2020-09-21,91.29775365923014,4.057596786011269,5,9,1
2020-09-22,88.28043582516213,6.354093133929086,6,9,1
2020-09-23,110.53336461167304,8.479424356279399,0,9,0
2020-09-24,103.07842079510566,5.896034856610519,1,9,0
2020-09-25,110.00525054278566,2.686409291789726,2,9,0
2020-09-26,107.500002603567,5.943279979159434,3,9,0
2020-09-27,105.43215683798456,7.427659582639549,4,9,0
2020-09-28,85.69910811440482,3.799581330155277,5,9,1
2020-09-29,100.69418290367942,4.740296410274376,6,9,1
2020-09-30,102.8227402829818,5.031327014030507,0,9,0
2020-10-01,105.76316010976407,3.4302120434651333,1,10,0
2020-10-02,114.99891691424625,6.299066321136143,2,10,0
2020-10-03,108.36590550417327,4.767543939974484,3,10,0
2020-10-04,95.79041166925772,5.859875856554455,4,10,0
2020-10-05,93.83453867115769,3.26162992771288,5,10,1
2020-10-06,93.6003023562637,4.181928903818235,6,10,1
2020-10-07,104.0290455818393,6.526261361096038,0,10,0
2020-10-08,114.71258690928747,4.364900106798824,1,10,0
2020-10-09,121.39101646822859,8.597967901937974,2,10,0
2020-10-10,101.99530920642556,4.382637734245152,3,10,0
2020-10-11,110.3116213834573,5.673534374181251,4,10,0
2020-10-12,84.62114625031421,7.13597381094649,5,10,1
2020-10-13,95.70500801771206,2.4850465154308905,6,10,1
2020-10-14,107.38100966054503,1.8554897134772599,0,10,0
2020-10-15,113.82564263429487,2.385451213639057,1,10,0
2020-10-16,111.40684083097685,8.025898050852906,2,10,0
2020-10-17,108.24369704138648,4.465270120742929,3,10,0
2020-10-18,98.32173425672042,10.757911921486823,4,10,0
2020-10-19,92.61524404345138,4.58979399766357,5,10,1
2020-10-20,101.9324481565462,6.168393834198282,6,10,1
2020-10-21,107.4848384296685,8.968715383958955,0,10,0
2020-10-22,110.25610569178808,9.986062511044885,1,10,0
2020-10-23,120.35772926000682,10.190415699435693,2,10,0
2020-10-24,112.1993948448123,8.581795696750468,3,10,0
2020-10-25,106.26860078099978,8.314936956959723,4,10,0
2020-10-26,100.16647888957735,7.557678344814743,5,10,1
2020-10-27,95.03418689251006,8.039191699490923,6,10,1
2020-10-28,104.43176794715559,5.493943269983005,0,10,0
2020-10-29,119.02794086294229,5.077728457401931,1,10,0
2020-10-30,120.52001533120219,6.829120334830507,2,10,0
2020-10-31,112.20413514391511,6.621138508087956,3,10,0
2020-11-01,104.47367048777204,6.184548457593677,4,11,0
2020-11-02,105.12607486528815,8.617096233709649,5,11,1
2020-11-03,97.97705699020744,9.272029067341975,6,11,1
2020-11-04,111.7599015285622,7.679069693746018,0,11,0
2020-11-05,116.10788309359053,10.601851637776514,1,11,0
2020-11-06,118.24239556265839,5.511604315049004,2,11,0
2020-11-07,119.70005058201824,7.5594663534318896,3,11,0
2020-11-08,109.94613541214204,6.668510099616626,4,11,0
2020-11-09,104.77141659580687,4.527971739337129,5,11,1
2020-11-10,109.4621148888294,8.258047580112846,6,11,1
2020-11-11,111.16251062540584,8.345703612887275,0,11,0
2020-11-12,122.59452902417806,11.785264433701332,1,11,0
2020-11-13,119.87778804855135,10.192481214562477,2,11,0
2020-11-14,117.95727261299423,7.058252632279276,3,11,0
2020-11-15,107.33010957876019,12.993803373631827,4,11,0
2020-11-16,103.38164913790379,11.909848149980238,5,11,1
2020-11-17,108.13386046774134,10.817255336953401,6,11,1
2020-11-18,109.2198109142586,9.3884327294361,0,11,0
2020-11-19,131.9296978225921,8.113869543710212,1,11,0
2020-11-20,118.7111037498218,9.482631025255863,2,11,0
2020-11-21,112.60612674507824,12.601730351788408,3,11,0
2020-11-22,116.14004844114734,14.393427882712652,4,11,0
2020-11-23,109.25116410474155,13.913538919557798,5,11,1
2020-11-24,110.701831539825,10.054864034543124,6,11,1
2020-11-25,118.90223049328762,9.001492635556481,0,11,0
2020-11-26,123.88199558800682,11.73325662963097,1,11,0
2020-11-27,121.75570643038104,8.127891681733562,2,11,0
2020-11-28,121.58163259128106,12.526858646815304,3,11,0
2020-11-29,109.51340328195869,11.80347353524435,4,11,0
2020-11-30,112.74176310164337,11.387099321591545,5,11,1
2020-12-01,109.44226665716863,9.352532688762341,6,12,1
2020-12-02,114.25174985210528,13.794112494694144,0,12,0
2020-12-03,124.97684274855783,11.928624447514721,1,12,0
2020-12-04,130.96837906192653,10.883379481086164,2,12,0
2020-12-05,121.06631664614866,7.709881111867816,3,12,0
2020-12-06,111.49040459585964,13.632505060963892,4,12,0
2020-12-07,111.8062334597033,17.467035357028145,5,12,1
2020-12-08,114.14272500813277,17.481846305917717,6,12,1
2020-12-09,118.60292601875307,13.483659425631394,0,12,0
2020-12-10,127.00441046485767,13.433609645803518,1,12,0
2020-12-11,132.85657683896838,15.817350798474507,2,12,0
2020-12-12,119.45324477465014,13.126315076624778,3,12,0
2020-12-13,111.38837809827216,15.971396580645125,4,12,0
2020-12-14,109.83456705525009,17.14607090250322,5,12,1
2020-12-15,114.70378017474951,18.315172272724208,6,12,1
2020-12-16,125.55876500222612,15.90961785740901,0,12,0
2020-12-17,139.61575434721715,15.952349830907135,1,12,0
2020-12-18,138.87610323800573,14.854580702766594,2,12,0
2020-12-19,128.7968756292653,15.208636707224937,3,12,0
2020-12-20,121.24425530105924,16.662219637610523,4,12,0
2020-12-21,111.33782885113402,18.103542106568177,5,12,1
2020-12-22,118.61149350406437,19.450392628053955,6,12,1
2020-12-23,125.50263779525994,16.27198108332018,0,12,0
2020-12-24,136.80223270889087,21.119459565322046,1,12,0
2020-12-25,133.40857978594195,17.848130823069425,2,12,0
2020-12-26,135.15679072768359,18.60441534724795,3,12,0
2020-12-27,131.97237709602211,17.409898818538643,4,12,0
2020-12-28,118.7811715198918,14.313338125873518,5,12,1
2020-12-29,123.691557340082,21.187653940074195,6,12,1
2020-12-30,133.37932469723347,21.15116720307266,0,12,0
2020-12-31,136.1682356403827,19.372835995218843,1,12,0
2021-01-01,141.65320859474613,20.327503333691038,2,1,0
2021-01-02,135.61263399271334,21.483373858192078,3,1,0
2021-01-03,127.78756709327155,17.5842436277939,4,1,0
2021-01-04,118.45060547302829,19.908860001917837,5,1,1
2021-01-05,124.79569756235111,22.812838590291513,6,1,1
2021-01-06,135.40749791651214,18.972711966348108,0,1,0
2021-01-07,148.4169998181107,22.324949920875437,1,1,0
2021-01-08,148.31337503012844,19.280699438094558,2,1,0
2021-01-09,149.29647959184092,23.182161986853732,3,1,0
2021-01-10,126.43925536984078,22.432792427380914,4,1,0
2021-01-11,129.64926730466328,19.527844133958894,5,1,1
2021-01-12,128.5563628896956,25.340802680016697,6,1,1
2021-01-13,146.82681866229865,21.794465923628128,0,1,0
2021-01-14,140.07317601628137,21.894503543048295,1,1,0
2021-01-15,142.2641842880692,24.166466003850125,2,1,0
2021-01-16,138.47106467186458,26.311807279538925,3,1,0
2021-01-17,122.58496667290075,22.23090594923973,4,1,0
2021-01-18,125.57763882378563,24.6326649364068,5,1,1
2021-01-19,126.75234612198453,25.612359510919063,6,1,1
2021-01-20,139.52704838714627,26.3849519982607,0,1,0
2021-01-21,148.70895708156954,25.594158959945418,1,1,0
2021-01-22,158.71671064867604,24.748204259033034,2,1,0
2021-01-23,149.08008581377052,24.06644129479444,3,1,0
2021-01-24,133.16606796983132,26.131578181153092,4,1,0
2021-01-25,126.54601430186703,24.050917620147995,5,1,1
2021-01-26,135.82414661030464,20.586566648126684,6,1,1
2021-01-27,134.9746616410752,27.5345566707036,0,1,0
2021-01-28,158.94177012699163,28.699504965434084,1,1,0
2021-01-29,158.0002558676504,22.393929287295347,2,1,0
2021-01-30,144.73154079321344,25.326384762438558,3,1,0
2021-01-31,130.21597880751278,28.808032953282684,4,1,0
2021-02-01,140.5194921037408,31.90635362686516,5,2,1
2021-02-02,135.4842416949507,28.05228276939189,6,2,1
2021-02-03,150.43702303874323,26.77165164454714,0,2,0
2021-02-04,144.4635574809235,28.076392121527547,1,2,0
2021-02-05,151.7358935241177,31.40396714040111,2,2,0
2021-02-06,149.71123941202816,27.571754320978275,3,2,0
2021-02-07,141.60144589669304,27.472144136741715,4,2,0
2021-02-08,134.06139181633228,28.309202461282673,5,2,1
2021-02-09,141.70889173598607,27.569449114893697,6,2,1
2021-02-10,141.42307451230587,29.92005965684576,0,2,0
2021-02-11,154.21199661240166,33.11982573022961,1,2,0
2021-02-12,157.7968446061177,30.70945631743443,2,2,0
2021-02-13,154.69365647783698,29.7484418331483,3,2,0
2021-02-14,147.3343540773335,29.856343294069987,4,2,0
2021-02-15,133.0710005202834,27.497311855155417,5,2,1
2021-02-16,133.2787858170692,32.570496945673376,6,2,1
2021-02-17,155.47597411971807,30.825989756679583,0,2,0
2021-02-18,158.88306054146798,30.794841431749862,1,2,0
2021-02-19,155.72120616782712,37.71285232177467,2,2,0
2021-02-20,162.1156720905857,32.09162719579872,3,2,0
2021-02-21,146.56279063450788,30.154622176420677,4,2,0
2021-02-22,146.7680418848642,30.96612213153575,5,2,1
2021-02-23,143.43302972206305,34.27286440556515,6,2,1
2021-02-24,161.50568363999005,32.35610558839022,0,2,0
2021-02-25,168.0803691505492,29.40301125746241,1,2,0
2021-02-26,160.26836962915172,34.26439380853212,2,2,0
2021-02-27,161.23426181927428,31.232339459229728,3,2,0
2021-02-28,151.19431144150727,36.454195614543245,4,2,0
2021-03-01,149.66383331762555,35.00290824203388,5,3,1
2021-03-02,140.18564089825992,32.07957997305901,6,3,1
2021-03-03,156.51232965782924,35.6638288600716,0,3,0
2021-03-04,166.44083957240872,33.36120249761658,1,3,0
2021-03-05,154.5290957778861,35.050820531061,2,3,0
2021-03-06,152.23390524934774,34.4305714386213,3,3,0
2021-03-07,139.50889733114118,31.880241759490616,4,3,0
2021-03-08,143.174762232329,32.393688214504536,5,3,1
2021-03-09,150.26225407560722,35.84449395873275,6,3,1
2021-03-10,162.22098620776123,33.2147270270653,0,3,0
2021-03-11,163.1088548918403,33.17257755135696,1,3,0
2021-03-12,173.01777240615246,32.161089235932266,2,3,0
2021-03-13,152.76354313568427,35.00582850837454,3,3,0
2021-03-14,142.66367457137812,38.366786431711496,4,3,0
2021-03-15,145.6809985214608,32.185562621768796,5,3,1
2021-03-16,149.9929702637372,34.4437215163198,6,3,1
2021-03-17,155.90474608158235,37.290118070782036,0,3,0
2021-03-18,153.72087862280964,34.37250790789383,1,3,0
2021-03-19,165.70927411131225,35.49834782265949,2,3,0
2021-03-20,154.38214798806496,32.52631223136081,3,3,0
2021-03-21,155.72946570342071,35.560873043571675,4,3,0
2021-03-22,148.9521330744611,34.37877865388685,5,3,1
2021-03-23,144.49336693158196,36.76896984006149,6,3,1
2021-03-24,154.5785673950088,37.21234579540382,0,3,0
2021-03-25,159.80111625502894,40.05237414311495,1,3,0
2021-03-26,166.8398514226359,36.06378513927514,2,3,0
2021-03-27,166.63773487905348,35.582972872881136,3,3,0
2021-03-28,148.36904511319258,35.342591854104555,4,3,0
2021-03-29,150.51489293997858,34.26550859967774,5,3,1
2021-03-30,147.37585610425276,35.66239639789124,6,3,1
2021-03-31,153.9767018234749,34.40377898691061,0,3,0
2021-04-01,165.3139197896895,35.336219717952325,1,4,0
2021-04-02,162.6875970098001,37.634770261329166,2,4,0
2021-04-03,159.76297494565696,32.9823288686354,3,4,0
2021-04-04,147.93609529589511,37.26657254627884,4,4,0
2021-04-05,158.40469364184486,37.6080121437279,5,4,1
2021-04-06,150.7484670059904,34.72018055709196,6,4,1
2021-04-07,154.94605241590673,30.69071760007775,0,4,0
2021-04-08,167.3812177694932,33.69247387358797,1,4,0
2021-04-09,167.72308363055208,37.47138583866124,2,4,0
2021-04-10,161.8060055686755,34.796537057652145,3,4,0
2021-04-11,157.33472761228654,32.804153086947125,4,4,0
2021-04-12,152.665865760925,33.74931170425459,5,4,1
2021-04-13,148.17583741959697,36.39183821031528,6,4,1
2021-04-14,155.78081429204215,35.751448801638574,0,4,0
2021-04-15,165.11042597032508,34.123163442227074,1,4,0
2021-04-16,156.9087461603649,33.806104113280945,2,4,0
2021-04-17,155.42792144414094,33.690659388350376,3,4,0
2021-04-18,161.150828956468,32.55949492551599,4,4,0
2021-04-19,157.1154268110539,37.56094381288806,5,4,1
2021-04-20,149.55529065185897,33.60718810047086,6,4,1
2021-04-21,161.47486567121848,36.6035653399864,0,4,0
2021-04-22,167.9343510902465,37.12510675308941,1,4,0
2021-04-23,183.66561698609988,35.98815556563559,2,4,0
2021-04-24,168.41527367291806,33.03321194405425,3,4,0
2021-04-25,153.45128136670422,34.60471936642651,4,4,0
2021-04-26,143.84842660655013,33.64559175826479,5,4,1
2021-04-27,142.46515969498847,31.77925076500355,6,4,1
2021-04-28,159.26796181034413,34.12402405567341,0,4,0
2021-04-29,162.21682549306254,31.00188935598502,1,4,0
2021-04-30,160.74262449276253,35.61603773155212,2,4,0
2021-05-01,159.1297122397915,32.188236246431835,3,5,0
2021-05-02,148.19111165059505,33.392700368512266,4,5,0
2021-05-03,156.53294248640077,33.42602295284699,5,5,1
2021-05-04,154.34014800951275,32.20689809801671,6,5,1
2021-05-05,157.60913086501066,33.75959103821406,0,5,0
2021-05-06,172.76079366608698,31.494167051768063,1,5,0
2021-05-07,167.56773305275038,34.04065751745831,2,5,0
2021-05-08,157.3480307633978,29.45655292490543,3,5,0
2021-05-09,160.47160610655845,32.24812586711086,4,5,0
2021-05-10,150.01457011118495,35.716529506757915,5,5,1
2021-05-11,143.9345583169743,29.677810406688188,6,5,1
2021-05-12,155.85260762415493,30.159328814041807,0,5,0
2021-05-13,160.10517844678157,32.375572733476275,1,5,0
2021-05-14,159.3564119186418,31.5365008932303,2,5,0
2021-05-15,165.34262307117697,31.704870269149072,3,5,0
2021-05-16,161.42856871721435,31.80500092689718,4,5,0
2021-05-17,139.32135918146895,31.915882426710954,5,5,1
2021-05-18,150.8989601938594,32.682501543755734,6,5,1
2021-05-19,152.48404038528145,31.096305343780728,0,5,0
2021-05-20,160.9507108240099,29.604677859361296,1,5,0
2021-05-21,162.18212215571194,31.239880746932574,2,5,0
2021-05-22,155.23658192041603,33.4991093794587,3,5,0
2021-05-23,150.9405279255608,29.235819989660484,4,5,0
2021-05-24,140.94803757298675,27.35095932119788,5,5,1
2021-05-25,148.19767731435533,31.31035769229809,6,5,1
2021-05-26,154.22056924837375,28.648920738157145,0,5,0
2021-05-27,160.89987870446396,24.33520008613594,1,5,0
2021-05-28,159.28888429595636,30.163669933365266,2,5,0
2021-05-29,155.33018217686387,27.183951546021945,3,5,0
2021-05-30,153.1078412356175,27.85688002090005,4,5,0
2021-05-31,146.21637896281877,28.4828673565122,5,5,1
2021-06-01,140.5432457596456,27.978552424512813,6,6,1
2021-06-02,153.53126534635504,28.792854830628496,0,6,0
2021-06-03,164.39221184391363,26.277194515811974,1,6,0
2021-06-04,153.99875135815807,27.946479656210837,2,6,0
2021-06-05,159.4289438097205,26.17122768894248,3,6,0
2021-06-06,144.49551638726092,27.936015216503115,4,6,0
2021-06-07,145.02280572047906,27.45529129060644,5,6,1
2021-06-08,140.0536438896256,24.117999039984063,6,6,1
2021-06-09,142.43064405152714,27.923388593024676,0,6,0
2021-06-10,150.90018799594617,24.440343448048008,1,6,0
2021-06-11,160.97164512900272,26.887600742962913,2,6,0
2021-06-12,156.37966719716994,25.763714664062938,3,6,0
2021-06-13,141.64008853293473,28.461674078262046,4,6,0
2021-06-14,143.70059590828174,24.093125398091633,5,6,1
2021-06-15,133.88560998541377,23.59483093274632,6,6,1
2021-06-16,149.43404450645815,24.006761970126455,0,6,0
2021-06-17,151.27899949251494,23.190181114675408,1,6,0
2021-06-18,155.7556884731166,25.146240525202295,2,6,0
2021-06-19,153.58984562971645,20.06250212141005,3,6,0
2021-06-20,140.12023554933455,20.935550036946314,4,6,0
2021-06-21,136.83500721231002,20.654200121569026,5,6,1
2021-06-22,145.4650368337252,24.43648668969436,6,6,1
2021-06-23,145.11125128153805,25.702413386754053,0,6,0
2021-06-24,159.73540897787603,21.816928300530243,1,6,0
2021-06-25,151.58150210548476,21.432223912516047,2,6,0
2021-06-26,154.21004089215683,21.653488574187413,3,6,0
2021-06-27,149.83201656497226,23.580209907495405,4,6,0
2021-06-28,124.59584173219493,19.144444283469344,5,6,1
2021-06-29,134.64049053477797,21.21829010216845,6,6,1
2021-06-30,149.06828797193089,22.434129543904422,0,6,0
2021-07-01,152.7254700700342,21.22796162710269,1,7,0
2021-07-02,157.26675642385396,20.34690871335587,2,7,0
2021-07-03,146.72003787856136,21.711819402859412,3,7,0
2021-07-04,141.23473098145408,14.045330265679727,4,7,0
2021-07-05,134.3526634477513,20.549775347416244,5,7,1
2021-07-06,142.64095154282074,17.62834169983148,6,7,1
2021-07-07,145.6329072001292,15.01801033891726,0,7,0
2021-07-08,153.6080991410223,19.444855221664717,1,7,0
2021-07-09,151.53325574940618,20.913407825343924,2,7,0
2021-07-10,145.48648175892293,17.63537710142215,3,7,0
2021-07-11,136.82718569908477,19.560825004248102,4,7,0
2021-07-12,135.29585936170065,20.625128105748708,5,7,1
2021-07-13,132.89472990203106,19.776665389556072,6,7,1
2021-07-14,144.01305650379672,20.17387473073517,0,7,0
2021-07-15,160.50694163432095,18.126228975187825,1,7,0
2021-07-16,156.16529097771672,16.5418632858198,2,7,0
2021-07-17,144.51929754119564,12.937154361539353,3,7,0
2021-07-18,143.2295220556108,15.400192901131783,4,7,0
2021-07-19,129.52596657978245,13.95827210804362,5,7,1
2021-07-20,123.06173617557042,19.74038693897304,6,7,1
2021-07-21,135.7871087742322,14.801827741850135,0,7,0
2021-07-22,139.05067437160807,15.15654097093963,1,7,0
2021-07-23,148.3388179089325,15.771140274126939,2,7,0
2021-07-24,144.54092624893318,14.514990353885583,3,7,0
2021-07-25,143.91843543040792,17.579152389027215,4,7,0
2021-07-26,131.52782604360948,12.706735985224816,5,7,1
2021-07-27,130.49841911792538,14.106023709928344,6,7,1
2021-07-28,143.331511845761,11.99850101618097,0,7,0
2021-07-29,135.7219407117425,10.611958907556891,1,7,0
2021-07-30,149.66413529085733,11.799024331210875,2,7,0
2021-07-31,146.71018066684476,12.72111223795634,3,7,0
2021-08-01,126.56832530780079,11.711336722476991,4,8,0
2021-08-02,134.05559320899377,10.962053225167649,5,8,1
2021-08-03,131.7492970835922,9.313478947816943,6,8,1
2021-08-04,135.59082473676438,11.741451429731436,0,8,0
2021-08-05,148.44481576739688,8.682165179592307,1,8,0
2021-08-06,158.36394044557613,12.998119795174196,2,8,0
2021-08-07,142.3113335165254,11.43181110838229,3,8,0
2021-08-08,133.770843879624,8.143336593742088,4,8,0
2021-08-09,124.6314361444604,10.23417538031129,5,8,1
2021-08-10,124.42253366964462,9.145141529709687,6,8,1
2021-08-11,140.45798930456857,11.087431145105391,0,8,0
2021-08-12,139.66421415752632,12.93243706994844,1,8,0
2021-08-13,146.0572833138924,6.306530019528445,2,8,0
2021-08-14,137.72850081447288,10.095208228701734,3,8,0
2021-08-15,133.6657887969889,9.356170654233294,4,8,0
2021-08-16,127.36460807783185,10.83345148183236,5,8,1
2021-08-17,132.65495765006213,9.734609518812668,6,8,1
2021-08-18,132.57970533384608,7.624886403087744,0,8,0
2021-08-19,141.44723132508454,8.31454295502341,1,8,0
2021-08-20,139.6866143530034,7.1876939608961905,2,8,0
2021-08-21,136.80581453914527,10.762175053618314,3,8,0
2021-08-22,132.09789207621452,8.486569612354119,4,8,0
2021-08-23,128.45223401366192,12.083532847309783,5,8,1
2021-08-24,121.85839538452782,8.000502804784496,6,8,1
2021-08-25,138.51121979946984,6.549198798454715,0,8,0
2021-08-26,148.64009575390494,4.786332497470996,1,8,0
2021-08-27,145.74525484818636,4.0588369846999655,2,8,0
2021-08-28,147.54169402663257,4.351849596241095,3,8,0
2021-08-29,125.50609454417065,7.913072926150602,4,8,0
2021-08-30,117.64130539778999,8.258702622791533,5,8,1
2021-08-31,116.80695609710689,3.9450796431026176,6,8,1
2021-09-01,140.90919466682692,8.767561255851483,0,9,0
2021-09-02,144.43435525465293,5.885239676675515,1,9,0
2021-09-03,142.73599481240953,7.022715849947183,2,9,0
2021-09-04,138.92898255018304,9.835266192412874,3,9,0
2021-09-05,123.15496514508898,8.290160749871623,4,9,0
2021-09-06,135.53700217195865,5.84907391275938,5,9,1
2021-09-07,125.82695751931576,4.497432409788765,6,9,1
2021-09-08,133.49319880947576,1.873927732936476,0,9,0
2021-09-09,144.34588489337017,4.641083854897022,1,9,0
2021-09-10,145.01106678552915,5.563081305827318,2,9,0
2021-09-11,138.2785331238829,3.921081182121628,3,9,0
2021-09-12,124.49816507073412,5.547198521335265,4,9,0
2021-09-13,125.37213537666793,5.881887574917465,5,9,1
2021-09-14,134.33620935753356,5.2011664588861946,6,9,1
2021-09-15,139.45749243222036,4.277814010287799,0,9,0
2021-09-16,148.50632100137886,5.846337020638147,1,9,0
2021-09-17,139.91267210768427,6.328405592461274,2,9,0
2021-09-18,132.1134259150077,3.203529954491221,3,9,0
2021-09-19,127.76374857382748,8.150321697379887,4,9,0
2021-09-20,123.2755626730162,5.079751047463774,5,9,1
2021-09-21,130.41936572772826,5.267453726146775,6,9,1
2021-09-22,124.33073320918182,6.603381248274663,0,9,0
2021-09-23,148.29130073624592,5.614966004896364,1,9,0
2021-09-24,141.8225116167632,7.02078313860641,2,9,0
2021-09-25,135.11161484420728,5.65913918560787,3,9,0
2021-09-26,123.5576191778975,3.834810711104628,4,9,0
2021-09-27,114.98910637941658,5.761908195417808,5,9,1
2021-09-28,129.37180034401885,2.735091644836509,6,9,1
2021-09-29,133.50835490005986,5.227738455680003,0,9,0
2021-09-30,134.5836923372957,4.9366696464679505,1,9,0
2021-10-01,136.56840130698387,4.5838443120613,2,10,0
2021-10-02,136.03968226535434,4.74439012081549,3,10,0
2021-10-03,137.47720867473544,1.243592477552252,4,10,0
2021-10-04,122.5207880749039,3.9201027618500515,5,10,1
2021-10-05,118.33699127366064,5.217937935635416,6,10,1
2021-10-06,132.55120805200644,5.371085671954511,0,10,0
2021-10-07,140.34942090923423,3.019570899977055,1,10,0
2021-10-08,130.28025916251624,7.634301728371359,2,10,0
2021-10-09,138.2093433636936,3.402909510716259,3,10,0
2021-10-10,128.7809022671909,7.110945484653323,4,10,0
2021-10-11,128.1444474620425,6.067579518359253,5,10,1
2021-10-12,135.98327706654533,3.9662715406850664,6,10,1
2021-10-13,140.3395694610672,8.859245491441927,0,10,0
2021-10-14,141.3363451348738,2.975595003167014,1,10,0
2021-10-15,139.24062794091768,7.259753337007382,2,10,0
2021-10-16,152.3968714087039,7.485499977954653,3,10,0
2021-10-17,131.3214736435903,4.210280694503653,4,10,0
2021-10-18,125.86327078232941,8.407913020930284,5,10,1
2021-10-19,127.78832028531644,5.198605090554075,6,10,1
2021-10-20,136.90768409743234,6.356033062574221,0,10,0
2021-10-21,143.20938391004137,6.383445493325656,1,10,0
2021-10-22,143.19502898297054,5.682523768999173,2,10,0
2021-10-23,138.12533437553657,7.665254517744871,3,10,0
2021-10-24,132.2304262927315,7.72724204407528,4,10,0
2021-10-25,124.48433382683807,2.7439286067257203,5,10,1
2021-10-26,125.79132851781674,8.954472500854276,6,10,1
2021-10-27,137.9345461789901,3.1296480007403202,0,10,0
2021-10-28,144.1796909525172,8.632572639530755,1,10,0
2021-10-29,155.14467331902827,8.937713657246535,2,10,0
2021-10-30,129.20383841467222,4.623134004762665,3,10,0
2021-10-31,139.48817386906492,6.108106363886222,4,10,0
2021-11-01,135.10540771207974,4.846861379137512,5,11,1
2021-11-02,120.69888497667972,6.760794097753408,6,11,1
2021-11-03,137.4356570807827,6.710723529024517,0,11,0
2021-11-04,145.38014990848308,9.026019307110463,1,11,0
2021-11-05,142.40564949878416,10.23093068561824,2,11,0
2021-11-06,140.42346065075824,10.548962073423166,3,11,0
2021-11-07,130.36659822569877,6.78416238191393,4,11,0
2021-11-08,139.5597668459647,7.644536740655372,5,11,1
2021-11-09,137.7018596063448,4.854118512898159,6,11,1
2021-11-10,147.49829411770511,6.770754770659176,0,11,0
2021-11-11,152.87051370729628,10.477135982823638,1,11,0
2021-11-12,145.8556974130153,11.946925175615597,2,11,0
2021-11-13,143.78020404301256,6.41872778495118,3,11,0
2021-11-14,140.48867875357837,7.877451400167333,4,11,0
2021-11-15,126.84171601805127,9.187759412068855,5,11,1
2021-11-16,138.77354754044597,9.98226813930508,6,11,1
2021-11-17,142.15465287529753,7.987243893917665,0,11,0
2021-11-18,149.6340011293563,10.642153753169014,1,11,0
2021-11-19,157.33140659523437,9.036953810807674,2,11,0
2021-11-20,150.9289704821443,10.149292512275174,3,11,0
2021-11-21,138.57051245375203,11.467236528630703,4,11,0
2021-11-22,141.1107124302925,10.58683184142258,5,11,1
2021-11-23,132.19259201228544,9.903324098732325,6,11,1
2021-11-24,148.8524217848654,10.761714351546075,0,11,0
2021-11-25,156.91664365550562,11.011715007343598,1,11,0
2021-11-26,154.69792489986284,10.658533314440946,2,11,0
2021-11-27,152.83282965176397,11.093623003170642,3,11,0
2021-11-28,136.6391808862457,15.023651600220013,4,11,0
2021-11-29,142.47792609338578,13.165756998186989,5,11,1
2021-11-30,139.24086768227482,11.672872641974724,6,11,1
2021-12-01,145.74975349817,13.879946518979033,0,12,0
2021-12-02,161.8093696359996,12.042826664699756,1,12,0
2021-12-03,155.35908555326586,15.283299944132438,2,12,0
2021-12-04,146.8163587159982,13.905010118441703,3,12,0
2021-12-05,137.7888439659348,13.181818882831616,4,12,0
2021-12-06,143.58520275056114,14.524508563880293,5,12,1
2021-12-07,136.48008909846692,10.721859208833353,6,12,1
2021-12-08,159.87306130696513,11.846429231939663,0,12,0
2021-12-09,148.90862578108673,11.950212729274726,1,12,0
2021-12-10,170.13462050230942,14.863722962240224,2,12,0
2021-12-11,157.7022251498904,18.28424530765614,3,12,0
2021-12-12,147.89318245922306,19.524727214585333,4,12,0
2021-12-13,140.6509441023844,16.58260193468221,5,12,1
2021-12-14,147.71326949681202,16.553950373530704,6,12,1
2021-12-15,153.76057020562783,12.197223804579355,0,12,0
2021-12-16,167.69806531132457,14.962312565751198,1,12,0
2021-12-17,165.09971521509092,14.721583114681264,2,12,0
2021-12-18,160.287161798789,15.306041607979115,3,12,0
2021-12-19,149.45879700536221,16.4630569335165,4,12,0
2021-12-20,146.0018309083991,16.107718306931716,5,12,1
2021-12-21,150.17783804699144,13.346727123593729,6,12,1
2021-12-22,148.3286711385427,19.05537193576918,0,12,0
2021-12-23,158.3802327812548,15.669012219240125,1,12,0
2021-12-24,171.19263892447682,18.54858557125073,2,12,0
2021-12-25,163.34515963429925,22.474421845709923,3,12,0
2021-12-26,153.31885708298745,16.744147273846433,4,12,0
2021-12-27,149.34667691996867,13.779420700155026,5,12,1
2021-12-28,153.3500129843506,18.525409854437353,6,12,1
2021-12-29,157.15860990436707,21.55702720919131,0,12,0
2021-12-30,164.21144297252275,23.52968332256806,1,12,0
2021-12-31,171.44055333837414,17.41188422310945,2,12,0
2022-01-01,160.58646851449276,21.122415034458772,3,1,0
2022-01-02,159.26931756500238,19.456390672313006,4,1,0
2022-01-03,143.7319375035383,20.43299535219754,5,1,1
2022-01-04,159.74858703218572,26.191268395836506,6,1,1
2022-01-05,165.21074398806581,18.154063597562022,0,1,0
2022-01-06,172.3723952927842,21.92456286596983,1,1,0
2022-01-07,178.36228194152258,22.609129837320875,2,1,0
2022-01-08,176.79071323340366,24.10148080685025,3,1,0
2022-01-09,165.2817108192719,22.38146803622201,4,1,0
2022-01-10,146.01837957215756,23.05654965547405,5,1,1
2022-01-11,151.17819926689015,21.911376120811124,6,1,1
2022-01-12,162.69161191515914,23.486354420164258,0,1,0
2022-01-13,174.1846175705881,22.514270878319085,1,1,0
2022-01-14,178.9923015763207,24.695406975230743,2,1,0
2022-01-15,167.78236342790615,22.963628709415,3,1,0
2022-01-16,164.08329830710912,24.706540622585145,4,1,0
2022-01-17,154.37660545112317,24.142135099745172,5,1,1
2022-01-18,157.43973536308837,26.69983907790256,6,1,1
2022-01-19,161.6934188099715,24.590712821022343,0,1,0
2022-01-20,172.33810613683548,21.39180814138613,1,1,0
2022-01-21,172.53409862349548,27.70462769274199,2,1,0
2022-01-22,169.40795453970844,23.610698625561938,3,1,0
2022-01-23,171.28095654849986,24.35440458062951,4,1,0
2022-01-24,156.2561789894391,24.708713242153706,5,1,1
2022-01-25,176.49458776633765,28.885264673371246,6,1,1
2022-01-26,174.01370034121416,22.099576859782882,0,1,0
2022-01-27,180.6832111708865,32.8790738964799,1,1,0
2022-01-28,177.78920536673306,28.946387884086572,2,1,0
2022-01-29,180.56040485651906,27.509427159299175,3,1,0
2022-01-30,165.88850774796066,27.17974635455566,4,1,0
2022-01-31,164.3489443031026,28.085070439757715,5,1,1
2022-02-01,178.8499576299532,28.778411578725596,6,2,1
2022-02-02,173.76417333466804,29.24651306959559,0,2,0
2022-02-03,188.18263824922127,29.28485167279633,1,2,0
2022-02-04,181.22161279927215,28.567946234005618,2,2,0
2022-02-05,179.5190599165373,28.20676778518011,3,2,0
2022-02-06,180.2338861984788,28.5090125069387,4,2,0
2022-02-07,163.19468479155833,28.629249479896867,5,2,1
2022-02-08,177.67924744279873,31.491444313948634,6,2,1
2022-02-09,180.32696009444845,30.613126142761033,0,2,0
2022-02-10,182.14334322364607,23.744554698048145,1,2,0
2022-02-11,190.39404423601832,31.133604499027776,2,2,0
2022-02-12,187.02582495937182,30.404839884488034,3,2,0
2022-02-13,176.93196502994692,30.168550822867378,4,2,0
2022-02-14,160.89486036510226,29.616512160061284,5,2,1
2022-02-15,167.37067203439065,32.82627961830613,6,2,1
2022-02-16,177.91231559037237,32.65448199825898,0,2,0
2022-02-17,186.9170472930255,29.391864745879648,1,2,0
2022-02-18,192.64021457879664,31.92667904553802,2,2,0
2022-02-19,185.32720820101997,29.34092700239827,3,2,0
2022-02-20,169.39214520533397,28.693330953793428,4,2,0
2022-02-21,172.86273444293826,30.364070647168525,5,2,1
2022-02-22,176.2443743889107,33.50379204742545,6,2,1
2022-02-23,184.10280144145065,33.84326960260772,0,2,0
2022-02-24,194.81544656071108,33.11767240512406,1,2,0
2022-02-25,195.79672614948623,33.69259712185275,2,2,0
2022-02-26,188.79235188922343,33.42204338085089,3,2,0
2022-02-27,177.74283759020994,31.2503385669823,4,2,0
2022-02-28,164.64836411187747,33.53705299195189,5,2,1
2022-03-01,177.2971682600415,34.41018289212446,6,3,1
2022-03-02,184.26572051686574,34.45031194351775,0,3,0
2022-03-03,192.65827496248977,35.448091803153886,1,3,0
2022-03-04,187.09722912971534,34.611540829209055,2,3,0
2022-03-05,182.90966838729855,34.01859303149178,3,3,0
2022-03-06,185.14220761300857,35.572820245785394,4,3,0
2022-03-07,174.50209302082823,33.49232550469022,5,3,1
2022-03-08,180.26685935876037,31.890458682446592,6,3,1
2022-03-09,185.04239802878692,33.432873518910384,0,3,0
2022-03-10,193.08560843963173,32.369930107416245,1,3,0
2022-03-11,199.77144941359546,32.60600547862594,2,3,0
2022-03-12,187.29609680699627,33.75982140662868,3,3,0
2022-03-13,181.88043830100972,32.552358342216856,4,3,0
2022-03-14,173.87362709352414,33.605431136707416,5,3,1
2022-03-15,176.13348644507172,30.514072546340447,6,3,1
2022-03-16,184.76277889053335,34.80360499394424,0,3,0
2022-03-17,195.41630777061488,34.45088983806749,1,3,0
2022-03-18,194.0158439646816,32.88148739599492,2,3,0
2022-03-19,197.44518260869535,35.89704634707743,3,3,0
2022-03-20,178.17719528721898,36.51227160857313,4,3,0
2022-03-21,176.46116129650625,31.47625656503914,5,3,1
2022-03-22,177.2777614199103,33.2158242824949,6,3,1
2022-03-23,194.6737376144354,33.24852450580952,0,3,0
2022-03-24,196.3782193502891,32.948162714182416,1,3,0
2022-03-25,202.61806446651505,36.52369047671824,2,3,0
2022-03-26,184.74716522304522,34.50946167581244,3,3,0
2022-03-27,184.95323295733922,34.39604913554981,4,3,0
2022-03-28,182.77049443632276,30.940902383226778,5,3,1
2022-03-29,180.77362721022573,36.23858792706527,6,3,1
2022-03-30,193.6109208742467,32.50393063296108,0,3,0
2022-03-31,193.61247708717394,35.112574691985124,1,3,0
2022-04-01,205.2677909045775,35.55328873222303,2,4,0
2022-04-02,204.3903549162488,37.72123916507092,3,4,0
2022-04-03,182.48333074776585,32.3792295740049,4,4,0
2022-04-04,176.73298615952038,28.950356644231395,5,4,1
2022-04-05,188.22588826447898,35.34515503002956,6,4,1
2022-04-06,196.73673482055005,38.5621212180161,0,4,0
2022-04-07,194.09857919600026,37.41820724549337,1,4,0
2022-04-08,196.59270518603077,35.33442797534503,2,4,0
2022-04-09,191.91818531149374,33.90221775795599,3,4,0
2022-04-10,177.96521869185122,36.46571145090526,4,4,0
2022-04-11,174.71594774046537,32.86595519882952,5,4,1
2022-04-12,176.24580133396665,35.72296105845536,6,4,1
2022-04-13,185.26633789354938,35.73401300630096,0,4,0
2022-04-14,196.76491277470566,36.791962877110414,1,4,0
2022-04-15,200.0492831118371,40.134991968445256,2,4,0
2022-04-16,201.223411439684,35.340307641035075,3,4,0
2022-04-17,179.79886231408892,33.473045071880314,4,4,0
2022-04-18,184.29348362157975,34.371032203681295,5,4,1
2022-04-19,180.21888220681313,30.81096976771942,6,4,1
2022-04-20,188.84015169139235,32.88238992882195,0,4,0
2022-04-21,200.25458049883733,33.37172266825392,1,4,0
2022-04-22,193.16693635515514,33.056382967706824,2,4,0
2022-04-23,195.24568756952866,34.319367960584735,3,4,0
2022-04-24,185.44622965315375,32.27576964185374,4,4,0
2022-04-25,181.61829531423206,36.06450279905386,5,4,1
2022-04-26,182.4799049131985,33.72059726921707,6,4,1
2022-04-27,201.07052225632216,33.59526414915173,0,4,0
2022-04-28,193.35991008312826,32.847728448833614,1,4,0
2022-04-29,195.75553527186182,33.69955643181594,2,4,0
2022-04-30,189.81003866636954,34.9210667033592,3,4,0
2022-05-01,181.39110781728152,31.414377788535802,4,5,0
2022-05-02,175.4863550847281,31.706282394150247,5,5,1
2022-05-03,186.45943861700857,32.28508689527979,6,5,1
2022-05-04,195.34020615624416,30.067005576721897,0,5,0
2022-05-05,193.1022483775295,30.982664656429375,1,5,0
2022-05-06,193.6201666360913,31.527436770658618,2,5,0
2022-05-07,194.61865691531943,34.08366202421361,3,5,0
2022-05-08,180.70799870467965,32.71136137530719,4,5,0
2022-05-09,181.1037327204777,32.42116749045946,5,5,1
2022-05-10,180.7603064019403,33.579971491922215,6,5,1
2022-05-11,179.85625232522065,31.44410494739746,0,5,0
2022-05-12,202.85715678162583,32.33698338484755,1,5,0
2022-05-13,205.89176699140603,31.183395717713896,2,5,0
2022-05-14,188.2952830811178,31.750979024296118,3,5,0
2022-05-15,180.595906584733,29.881831858420185,4,5,0
2022-05-16,178.40180345614667,25.99354061688177,5,5,1
2022-05-17,180.41993932426232,30.42322541329011,6,5,1
2022-05-18,189.69868764260875,33.35472494326846,0,5,0
2022-05-19,204.11115341154022,32.1759945591166,1,5,0
2022-05-20,194.93813527968538,32.065638898775454,2,5,0
2022-05-21,186.24872111496683,32.41538648479251,3,5,0
2022-05-22,174.48979095882245,29.925779004020736,4,5,0
2022-05-23,172.14130340908528,29.94554929054415,5,5,1
2022-05-24,177.3775229217615,28.11524186824046,6,5,1
2022-05-25,194.14681250606878,28.515260753534914,0,5,0
2022-05-26,190.21322294266184,30.173102706870345,1,5,0
2022-05-27,195.6565969824166,31.140837271824367,2,5,0
2022-05-28,188.84706882853703,28.243099580843023,3,5,0
2022-05-29,185.9920803163411,27.408015542642897,4,5,0
2022-05-30,187.0696616537422,28.09339334272436,5,5,1
2022-05-31,173.50375439237732,29.076299622697633,6,5,1
2022-06-01,181.31824362509093,24.76539518281757,0,6,0
2022-06-02,196.5905682346094,22.837696922214025,1,6,0
2022-06-03,196.4932622161751,26.10374046896366,2,6,0
2022-06-04,196.68713359381977,24.53601263515025,3,6,0
2022-06-05,181.47304405581258,25.73171567470711,4,6,0
2022-06-06,171.1213194368625,26.220997174788003,5,6,1
2022-06-07,177.57426569459162,25.37669438250013,6,6,1
2022-06-08,187.75259255876793,28.952900360247785,0,6,0
2022-06-09,193.8971824229208,26.464439221038973,1,6,0
2022-06-10,194.02719526800504,26.173163258080994,2,6,0
2022-06-11,191.17664758426108,26.576244766040816,3,6,0
2022-06-12,182.77286436145633,22.812202407067815,4,6,0
2022-06-13,178.18551845701035,26.92462420812577,5,6,1
2022-06-14,176.2061038895883,24.44996992295166,6,6,1
2022-06-15,179.70032998416738,25.696195935806436,0,6,0
2022-06-16,188.84113637334067,21.963967656528023,1,6,0
2022-06-17,195.8227890959612,20.75139648263417,2,6,0
2022-06-18,180.04531364996004,25.24478330803346,3,6,0
2022-06-19,177.04444928923638,24.110845059151007,4,6,0
2022-06-20,167.57138754969074,21.30195121929263,5,6,1
2022-06-21,171.35898511164152,21.113837355062646,6,6,1
2022-06-22,185.170924493869,24.850297979058137,0,6,0
2022-06-23,187.29653908788094,19.966100304423133,1,6,0
2022-06-24,188.2473293269503,25.37507177583443,2,6,0
2022-06-25,175.54773818053647,20.032667795686237,3,6,0
2022-06-26,177.14220238545545,22.854333828602023,4,6,0
2022-06-27,170.96888175272414,20.663486915871896,5,6,1
2022-06-28,180.22914568510572,22.269881796078348,6,6,1
2022-06-29,175.43232303116594,19.7177472874172,0,6,0
2022-06-30,185.62498998019527,20.222619336177225,1,6,0
2022-07-01,187.44661407186786,20.372111133066326,2,7,0
2022-07-02,188.4158988072737,18.027879608278663,3,7,0
2022-07-03,171.11384572378105,21.255875403617267,4,7,0
2022-07-04,167.31444412346596,18.489838582717283,5,7,1
2022-07-05,170.62942903955184,18.801248032621128,6,7,1
2022-07-06,176.08124521359267,17.012150698932498,0,7,0
2022-07-07,180.47467885152994,13.61887938013037,1,7,0
2022-07-08,185.34908942736604,18.10456022683865,2,7,0
2022-07-09,184.07778183598003,23.055363484329753,3,7,0
2022-07-10,164.64149547135932,19.543381838190875,4,7,0
2022-07-11,164.77140157222271,17.680292598941026,5,7,1
2022-07-12,162.2807364407502,16.938346835836274,6,7,1
2022-07-13,179.31971204180715,17.25512582089667,0,7,0
2022-07-14,173.29278348629182,18.051323355111414,1,7,0
2022-07-15,179.79219795596194,14.343251031099099,2,7,0
2022-07-16,178.81084982865045,18.682286668019565,3,7,0
2022-07-17,175.82456004080973,17.634221950538542,4,7,0
2022-07-18,162.00906902558273,17.390770269513965,5,7,1
2022-07-19,161.24570537287417,16.58348695263678,6,7,1
2022-07-20,181.00041556345002,15.49917595255263,0,7,0
2022-07-21,171.92927922542722,16.560415747261853,1,7,0
2022-07-22,169.86457499379165,16.15448823022249,2,7,0
2022-07-23,177.40851132002635,14.02043343171737,3,7,0
2022-07-24,163.78284907883946,13.340526115930109,4,7,0
2022-07-25,155.5410451901385,14.452288229849376,5,7,1
2022-07-26,165.88675586725842,17.10916385891716,6,7,1
2022-07-27,171.15145502198445,11.297229526111877,0,7,0
2022-07-28,174.70199205029184,10.606555213767026,1,7,0
2022-07-29,172.82599462427893,13.63920063836276,2,7,0
2022-07-30,177.95616834309038,13.181507343853403,3,7,0
2022-07-31,167.9467500487035,13.198516071789143,4,7,0
2022-08-01,158.5717806925357,13.113955199466572,5,8,1
2022-08-02,170.01707629969945,11.956042425775719,6,8,1
2022-08-03,163.04004697431392,15.160820181830001,0,8,0
2022-08-04,168.3725094248528,8.760245457538586,1,8,0
2022-08-05,174.26608028634277,10.08839803250973,2,8,0
2022-08-06,171.8850267775129,11.324663900637471,3,8,0
2022-08-07,164.45309869378335,8.033083199527685,4,8,0
2022-08-08,156.42432374574074,10.75860812507155,5,8,1
2022-08-09,161.12979710021474,14.2267439777319,6,8,1
2022-08-10,160.74177855464717,10.741755046052793,0,8,0
2022-08-11,181.85192362049457,10.96031432901175,1,8,0
2022-08-12,175.97236780467648,7.780324959986583,2,8,0
2022-08-13,176.38204684648923,8.872543839393966,3,8,0
2022-08-14,163.65830937502105,9.16241407075378,4,8,0
2022-08-15,158.6487766955204,9.08790177656384,5,8,1
2022-08-16,160.97963569385345,12.100185730164245,6,8,1
2022-08-17,168.02660958016295,10.468942631862845,0,8,0
2022-08-18,176.66314867043843,6.950457419524091,1,8,0
2022-08-19,181.8736867825979,9.489399486262046,2,8,0
2022-08-20,170.65185474049804,9.81910616764248,3,8,0
2022-08-21,164.39276946020235,10.932541042884095,4,8,0
2022-08-22,154.84928434463293,11.646262618045231,5,8,1
2022-08-23,164.29471029174059,6.2913385604449505,6,8,1
2022-08-24,161.40028242758396,6.539613468937988,0,8,0
2022-08-25,181.47973683030872,5.489477574152756,1,8,0
2022-08-26,174.08441794219297,7.383447996387084,2,8,0
2022-08-27,161.6048924403519,8.634653826348854,3,8,0
2022-08-28,160.61046948888261,9.530694668165113,4,8,0
2022-08-29,151.0480114716736,7.2618945174514336,5,8,1
2022-08-30,160.48618182327758,6.6355969080654535,6,8,1
2022-08-31,160.74190962309186,7.4440687747427665,0,8,0
2022-09-01,169.50125155122407,5.339333139973388,1,9,0
2022-09-02,164.1293791497224,11.061606602360934,2,9,0
2022-09-03,165.82423482845826,3.543998991134896,3,9,0
2022-09-04,147.2130445333369,7.009512219486829,4,9,0
2022-09-05,145.93210608220568,10.571906946229078,5,9,1
2022-09-06,159.51959528754494,6.4269452026561815,6,9,1
2022-09-07,167.40513581434345,5.925938958950404,0,9,0
2022-09-08,173.3674388707819,5.487849968625857,1,9,0
2022-09-09,168.2873796340633,5.742764066984835,2,9,0
2022-09-10,167.42988974092123,8.754163180013386,3,9,0
2022-09-11,158.9349073729841,1.4938015280964834,4,9,0
2022-09-12,147.71835952873965,8.897619104257263,5,9,1
2022-09-13,162.93143396229502,2.9002566562061665,6,9,1
2022-09-14,167.59848703997338,5.136502907581991,0,9,0
2022-09-15,169.90974189757134,4.737195864889679,1,9,0
2022-09-16,173.0702119052934,6.702930853103435,2,9,0
2022-09-17,168.5632215211488,2.26399835932219,3,9,0
2022-09-18,148.63666158776033,6.323317691597425,4,9,0
2022-09-19,152.20647142277352,9.390637581337899,5,9,1
2022-09-20,151.97664890546153,2.5630538335082065,6,9,1
2022-09-21,158.21583657047933,5.620550788509768,0,9,0
2022-09-22,169.66162480946602,3.87327809286984,1,9,0
2022-09-23,182.0172385333608,6.009501230136167,2,9,0
2022-09-24,170.8591498927829,5.160898809292481,3,9,0
2022-09-25,156.16380722122904,3.808908334134541,4,9,0
2022-09-26,156.52049778155333,6.041317171647209,5,9,1
2022-09-27,162.6395412398973,8.65237860849937,6,9,1
2022-09-28,168.14436426794288,4.644410407497239,0,9,0
2022-09-29,171.70368747672637,6.452700460275622,1,9,0
2022-09-30,170.1737541045339,2.418040085062991,2,9,0
2022-10-01,171.56696741162528,3.087552056250736,3,10,0
2022-10-02,161.44937572361184,5.945514790347658,4,10,0
2022-10-03,158.63716394599453,7.973650249883265,5,10,1
2022-10-04,159.36362811539357,5.725797986603457,6,10,1
2022-10-05,169.35536704484915,4.402042753654573,0,10,0
2022-10-06,169.3571689832919,5.044759559896827,1,10,0
2022-10-07,180.66460651707882,2.567804292343756,2,10,0
2022-10-08,169.77441057991578,6.304511859862741,3,10,0
2022-10-09,170.6101408846173,6.891419265569096,4,10,0
2022-10-10,151.50842275850187,4.258245642059521,5,10,1
2022-10-11,165.7019664557069,4.262405855779224,6,10,1
2022-10-12,165.9726759039791,5.77868927540815,0,10,0
2022-10-13,169.69282740862266,4.422301678762432,1,10,0
2022-10-14,172.61573480459325,5.216635483093779,2,10,0
2022-10-15,168.18304861560682,9.605839348173006,3,10,0
2022-10-16,163.3937609949656,4.974157908122751,4,10,0
2022-10-17,158.6482214487663,4.817642736006372,5,10,1
2022-10-18,155.27377026436588,4.309633785755397,6,10,1
2022-10-19,166.0217538533926,7.167755492722521,0,10,0
2022-10-20,184.8617854108705,5.395815060338582,1,10,0
2022-10-21,184.9133248891993,4.542623546169521,2,10,0
2022-10-22,173.24658313552908,8.571273669915033,3,10,0
2022-10-23,162.78265678706452,8.85933153118633,4,10,0
2022-10-24,157.9932195169521,4.9148751772442,5,10,1
2022-10-25,162.6079603701241,2.482347773708352,6,10,1
2022-10-26,162.46650460009735,8.334239500534366,0,10,0
2022-10-27,174.33907947890634,5.057785279007622,1,10,0
2022-10-28,169.4465412833898,8.120145394293186,2,10,0
2022-10-29,174.6129818684796,2.7145191837597507,3,10,0
2022-10-30,167.41828294631893,8.55970320003684,4,10,0
2022-10-31,156.60425916130825,4.475860004837072,5,10,1
2022-11-01,169.07458891838877,8.487304473756522,6,11,1
2022-11-02,163.1527599856655,7.185734025068274,0,11,0
2022-11-03,170.04171429133504,5.384521099098555,1,11,0
2022-11-04,180.68551149375176,6.617299743838726,2,11,0
2022-11-05,179.66196060696788,8.946700974531687,3,11,0
2022-11-06,174.44699390492144,7.932221692133298,4,11,0
2022-11-07,158.60589850071736,9.039261193630294,5,11,1
2022-11-08,168.5128801552437,11.976908181859311,6,11,1
2022-11-09,171.0381655185932,5.052679452631066,0,11,0
2022-11-10,178.48346642321692,11.576220873326177,1,11,0
2022-11-11,185.99804693991408,8.714590495979067,2,11,0
2022-11-12,179.73763500691166,6.875794717268797,3,11,0
2022-11-13,160.22756911947397,6.18357148959088,4,11,0
2022-11-14,170.39737556904578,8.640095067740738,5,11,1
2022-11-15,172.1660134030894,11.03902283246985,6,11,1
2022-11-16,170.28023934362122,9.12120828669617,0,11,0
2022-11-17,183.5337583662628,12.582344028593596,1,11,0
2022-11-18,186.28834808932461,6.8444997824960065,2,11,0
2022-11-19,180.04766184701595,9.912524333105528,3,11,0
2022-11-20,167.65560057923068,7.624744297883263,4,11,0
2022-11-21,161.98297033173324,11.052544740393726,5,11,1
2022-11-22,167.49250087389362,12.297668448783478,6,11,1
2022-11-23,181.6541897532097,9.883786906991135,0,11,0
2022-11-24,186.68247823106782,5.721044136703501,1,11,0
2022-11-25,184.4015668915867,11.534213614365653,2,11,0
2022-11-26,185.06538437981,12.219262801362257,3,11,0
2022-11-27,158.6526115079202,12.366404506186164,4,11,0
2022-11-28,173.5981508536267,14.243906856638866,5,11,1
2022-11-29,161.45940348799584,9.847197286660814,6,11,1
2022-11-30,176.53992889071299,13.569069523459124,0,11,0
2022-12-01,180.9510194598669,14.815290593683626,1,12,0
2022-12-02,182.38883303311283,9.096978660128508,2,12,0
2022-12-03,189.6407381383026,13.519509493458918,3,12,0
2022-12-04,173.20803808168594,12.10000505472298,4,12,0
2022-12-05,172.25895556311727,13.175517591408406,5,12,1
2022-12-06,172.61575965593207,14.266085351960776,6,12,1
2022-12-07,183.449380308149,12.830347227653682,0,12,0
2022-12-08,189.66454359312297,12.68929342661641,1,12,0
2022-12-09,185.19673172167157,14.346683098884156,2,12,0
2022-12-10,191.5851371100933,12.343248185074728,3,12,0
2022-12-11,175.86206026747485,12.587073892838639,4,12,0
2022-12-12,165.54427488257838,16.360005782178593,5,12,1
2022-12-13,173.52632806851642,12.947685419424719,6,12,1
2022-12-14,191.39964885162408,16.823319765107527,0,12,0
2022-12-15,196.37768380208234,16.662632998511363,1,12,0
2022-12-16,192.7283708943305,12.533853961737258,2,12,0
2022-12-17,187.73057744488915,14.879543085940474,3,12,0
2022-12-18,179.60817768682148,18.873210389017675,4,12,0
2022-12-19,186.60819975223654,14.774019860496422,5,12,1
2022-12-20,180.4849377032526,16.05986750427883,6,12,1
2022-12-21,188.96480794553716,18.166014020733865,0,12,0
2022-12-22,200.2064444718431,19.062705626589306,1,12,0
2022-12-23,198.60303795630378,17.2476202059243,2,12,0
2022-12-24,191.12742783664763,16.811116563275334,3,12,0
2022-12-25,183.1879893614041,21.10690566685484,4,12,0
2022-12-26,178.82675107328683,21.996508514908523,5,12,1
2022-12-27,181.35565542949377,20.733406870515704,6,12,1
2022-12-28,193.4247571565219,19.203670928519617,0,12,0
2022-12-29,198.2915632144743,17.67413321515112,1,12,0
2022-12-30,204.05318786272755,17.887615764102975,2,12,0
2022-12-31,195.00333037921772,20.851506311290166,3,12,0
2023-01-01,187.54985833773375,20.90130533232212,4,1,0
2023-01-02,172.18265566930333,23.12571777700505,5,1,1
2023-01-03,189.11355294702457,21.881337037720193,6,1,1
2023-01-04,194.5097339479563,17.832020750060973,0,1,0
2023-01-05,206.01238840425447,23.19957305861152,1,1,0
2023-01-06,188.89832441800823,19.35672880942635,2,1,0
2023-01-07,208.836798485655,20.841679430940694,3,1,0
2023-01-08,189.44443233798881,22.366317985100373,4,1,0
2023-01-09,190.69724692446897,26.112995994887044,5,1,1
2023-01-10,182.3113244834454,28.59661373642324,6,1,1
2023-01-11,198.81565768163077,23.844635025336515,0,1,0
2023-01-12,198.72460622952363,22.518429341145648,1,1,0
2023-01-13,203.22424638289286,24.20661388165646,2,1,0
2023-01-14,210.92201111279354,25.164764975467932,3,1,0
2023-01-15,192.138635119679,22.998967417624545,4,1,0
2023-01-16,189.18520102230423,27.480496701455728,5,1,1
2023-01-17,194.79423602323405,24.598835693427183,6,1,1
2023-01-18,201.15388510899163,25.381575832448934,0,1,0
2023-01-19,207.65741794152848,25.96403572310274,1,1,0
2023-01-20,211.07079799564872,25.720087266227527,2,1,0
2023-01-21,216.26041023946544,26.798078714614764,3,1,0
2023-01-22,195.68332440784815,24.127459860379034,4,1,0
2023-01-23,191.9701171686084,24.485544553303985,5,1,1
2023-01-24,198.55029313054862,23.64036365723462,6,1,1
2023-01-25,207.0420960931879,26.956470297551746,0,1,0
2023-01-26,215.66466534007532,27.870338135959084,1,1,0
2023-01-27,215.24837116543216,27.461140193872648,2,1,0
2023-01-28,201.3209131112537,30.125771714188346,3,1,0
2023-01-29,206.91440609064804,26.994781835503336,4,1,0
2023-01-30,187.99130102948072,28.570571029630315,5,1,1
2023-01-31,197.55053706461527,25.274659424425437,6,1,1
2023-02-01,200.4647201459901,26.906628269723143,0,2,0
2023-02-02,212.11111681348044,29.292396807289855,1,2,0
2023-02-03,216.3808617166591,29.81768100304056,2,2,0
2023-02-04,211.30446725489583,27.747295691812344,3,2,0
2023-02-05,203.49739470490073,28.40531736047528,4,2,0
2023-02-06,204.41031722896932,25.723525004503887,5,2,1
2023-02-07,200.9013523561051,28.253378720271076,6,2,1
2023-02-08,205.58863001926113,30.95371446402614,0,2,0
2023-02-09,219.80196215375958,30.526154761369654,1,2,0
2023-02-10,223.20994210106073,30.577098330382395,2,2,0
2023-02-11,206.06042973244965,29.87250279696394,3,2,0
2023-02-12,206.85025929105055,29.981378300099177,4,2,0
2023-02-13,202.2972132117707,28.83795679391731,5,2,1
2023-02-14,199.56902044574338,31.74459691038889,6,2,1
2023-02-15,216.08412858425902,31.37416512984925,0,2,0
2023-02-16,216.5999176002032,31.69841945502213,1,2,0
2023-02-17,220.23110088225974,29.84130403372714,2,2,0
2023-02-18,213.64517851251608,26.762456314804588,3,2,0
2023-02-19,206.22415145616947,33.435940476290305,4,2,0
2023-02-20,195.56339697892415,30.453126458329336,5,2,1
2023-02-21,196.0799380370698,29.851039520115513,6,2,1
2023-02-22,219.37092073096213,33.12591285034471,0,2,0
2023-02-23,215.27715997717067,31.113819979339496,1,2,0
2023-02-24,216.77653139609106,34.173087496101886,2,2,0
2023-02-25,205.84190731864118,33.43902935583739,3,2,0
2023-02-26,205.01736529175784,33.720347170734954,4,2,0
2023-02-27,196.46240024089298,29.765832656436608,5,2,1
2023-02-28,213.49007516939568,35.06246932057186,6,2,1
2023-03-01,218.41359889101014,33.29817972367149,0,3,0
2023-03-02,218.00323508884853,32.17044116525936,1,3,0
2023-03-03,234.89319537843994,33.32526918154667,2,3,0
2023-03-04,223.38032289637758,29.611660284550936,3,3,0
2023-03-05,208.41539063109659,34.1031793987148,4,3,0
2023-03-06,192.37256210813385,31.34494228099577,5,3,1
2023-03-07,218.49046421893198,30.81218988115527,6,3,1
2023-03-08,208.13606681686548,30.582657181151838,0,3,0
2023-03-09,214.89973646437602,35.958564844643035,1,3,0
2023-03-10,230.38961438507303,32.57640997705023,2,3,0
2023-03-11,232.27869161431042,37.0000468736701,3,3,0
2023-03-12,218.53173081042723,32.95452033916877,4,3,0
2023-03-13,209.22204843106095,30.700788605990894,5,3,1
2023-03-14,211.50424733998406,31.96765989229847,6,3,1
2023-03-15,220.8072737963717,36.75333404503554,0,3,0
2023-03-16,228.33892440488435,34.04669029397634,1,3,0
2023-03-17,228.0613082921285,33.33443899449098,2,3,0
2023-03-18,221.94032655513433,34.81930660770702,3,3,0
2023-03-19,212.59737145084867,35.56680162955583,4,3,0
2023-03-20,203.8930172581866,36.85769029436611,5,3,1
2023-03-21,208.34760442587483,37.575220478488895,6,3,1
2023-03-22,209.25589451173866,34.009670561221526,0,3,0
2023-03-23,225.19286774181535,32.12373970515844,1,3,0
2023-03-24,222.81231722913992,33.991159572279095,2,3,0
2023-03-25,216.96078049187437,35.37652081369461,3,3,0
2023-03-26,214.82855760504924,32.96191573659642,4,3,0
2023-03-27,215.60081640678183,33.00419952476942,5,3,1
2023-03-28,215.27962599253902,35.63073025863471,6,3,1
2023-03-29,210.76423256631864,34.86608101354202,0,3,0
2023-03-30,221.5913836480616,35.044783022082775,1,3,0
2023-03-31,233.27290837908964,33.473569093409814,2,3,0
2023-04-01,218.33882295483377,34.53669311814004,3,4,0
2023-04-02,213.53715127097544,33.15152504183378,4,4,0
2023-04-03,212.08094934788102,36.77844619767746,5,4,1
2023-04-04,206.49482688587713,37.06216792582729,6,4,1
2023-04-05,219.7507224910697,31.288477136729774,0,4,0
2023-04-06,220.4351025187199,33.106581670266934,1,4,0
2023-04-07,226.08652152856197,31.95286684710069,2,4,0
2023-04-08,225.33309615989754,33.62177671532611,3,4,0
2023-04-09,207.13692403339945,34.726432263454726,4,4,0
2023-04-10,211.93332942842923,31.96109421302636,5,4,1
2023-04-11,211.5973725734798,32.97934404866151,6,4,1
2023-04-12,222.3041191865315,32.7734415702163,0,4,0
2023-04-13,228.50151587624512,35.14980957150175,1,4,0
2023-04-14,236.14975874650636,34.823521780186475,2,4,0
